,Unnamed: 0,Article_id,Venue,Title,Year,Abstract,Doi,fieldsOfStudy,topics,Downloadurl,TotalCitationCount,Influentialcitationcount
0,0,https://doi.org/10.2196/18652,Journal of medical Internet research,assess patient experi healthcar qualiti dental care use patient onlin review unit state mix method studi,2020,background last two decad patient review websit emerg essenti onlin platform doctor rate review recent studi suggest signific websit data sourc patient choos doctor healthcar provid learn improv patient feedback foster cultur trust transpar patient healthcar provid howev compar medic specialti studi onlin patient review focus dentist unit state remain absent object studi sought understand extent onlin patient review provid perform feedback reflect dental care qualiti patient experi method use mix informat method incorpor statist natur languag process domain expert evalu analyz onlin patient review 204751 dentist extract healthgrad two specif aim first examin associ patient rate varieti dentist characterist second identifi topic patient review map nation assess dental patient experi measur patient experi measur consum assess healthcar provid system cahp dental plan survey result higher rate associ femal dentist t71881245 p01 g001 dentist younger age f7 10712824697 p001 g011 whose patient experienc short wait time f4 1500551041777 p0001 g018 also identifi sever topic correspond cahp measur includ discomfort eg painfulpainless root canal deep clean ethic eg highpressur sale unnecessari dental work conclus find suggest onlin patient review could use data sourc understand patient experi healthcar qualiti dentistri,10.2196/18652,Medicine,"Crew Resource Management, Healthcare",https://dl.acm.org/doi/pdf/10.2196/18652?download=true,9,0
1,1,https://doi.org/10.1055/s-0040-1709506,Appl. Clin. Inform.,leverag electron dental record data clinic research nation dental pbrn practic,2020,object aim studi determin feasibl conduct clinic research use electron dental record edr data us solo smallgroup general dental practic nation dental practicebas research network network evalu data complet correct perform surviv analys root canal treatment rct posterior composit restor pcr method ninetynin network general dentistri practic use dentrix eaglesoft edr share deidentifi data patient receiv pcr andor rct perman teeth octob 31 2015 evalu data complet correct summar practic patient characterist summar two treatment tooth type arch locat result eightytwo percent practition male mean age 49 224 year clinic experi final dataset compris 217887 patient 11289594 observ observ period rang 0 37 year patient 73 18 64 year old 56 femal data near 100 complet eight percent observ incorrect data incorrect tooth number surfac primari teeth supernumerari teeth tooth rang indic multitooth procedur instead pcr rct seventythre percent patient dental insur inform 27 lack insur inform gender document patient raceethn miss dataset conclus studi establish feasibl use edr data integr multipl distinct solo smallgroup network practic longitudin studi assess treatment outcom result laid groundwork learn health system enabl practition learn patient outcom use data practic,10.1055/s-0040-1709506,Computer Science Medicine,Dental Procedures,https://dl.acm.org/doi/pdf/10.1055/s-0040-1709506?download=true,7,0
2,2,https://doi.org/10.1186/s13326-020-00222-0,J. Biomed. Semant.,structur reus analysi electron dental data use oral health diseas ontolog,2020,background key challeng improv qualiti health care abl use common framework work patient inform acquir health life scienc disciplin patient inform collect dental care expos mani challeng confront wider scale approach exampl improv qualiti dental care must abl collect analyz data dental procedur multipl practic howev number challeng make difficult first dental electron health record ehr inform often store complex relat databas poor document second common accept implement databas schema dental ehr system third integr work attempt bridg dentistri set healthcar made difficult disconnect represent medic inform within dental disciplin ehr system dentistri increas concern general health patient exampl increas effort monitor heart health system diseas impact disconnect becom sever demonstr address problem develop opensourc oral health diseas ontolog ohd instancebas represent framework dental medic health care inform envis time medic record system use common data back end would make interoper trivial obviat need dedic messag framework move data system ohd yet complet includ enough use demonstr construct demonstr util analysi longev dental restor first narrow use case provid prototyp intend demonstr prospect design principl data backend use consist encompass dental medic inform singl framework result ohd contain 1900 class 59 relationship class relationship import exist obo foundri ontolog use lsw2 lisp semant web softwar librari translat data dental practic ehr system correspond web ontolog languag owl represent base ohd framework owl represent load tripl store proof concept address question clinic relev – surviv analysi longev resin fill restor provid queri use sparql statist analysi code r demonstr perform clinic research use framework ohd compar result previous studi conclus proofofconcept project translat data singl practic use dental practic data demonstr ohd instancebas approach suffici repres data generat realworld routin clinic set ohd applic integr data multipl practic differ dental ehr system intend work understood prospect design ehr data storag would simplifi medic informat system wellunderstood semant use bfobas realist ontolog represent owl data model welldefin web standard,10.1186/s13326-020-00222-0,Computer Science Medicine,"Crew Resource Management, Healthcare,Dental Procedures",https://dl.acm.org/doi/pdf/10.1186/s13326-020-00222-0?download=true,1,0
3,3,https://doi.org/10.1177/2380084419892550,JDR clinical and translational research,find dental harm patient electron health record–bas trigger,2019,background patient may inadvert harm undergo dental treatment improv care must first determin type frequenc harm patient experi identifi case harm alway straightforward dental practic mine data electron health record promis mean effici detect possibl advers event ae method develop 7 electron trigger electron health record base flag patient chart contain distinct event common ae electron chart manual review identifi ae result 1885 chart review 162 contain ae posit predict valu trigger rang high 023 2 bestperform trigger fail implant postsurg complic 009 lowestperform trigger common type ae found pain 275 hard tissu 148 soft tissu 148 nerv injuri 133 ae classifi temporari harm 892 perman harm present 96 ae 12 requir transfer emerg room conclus develop trigger process identifi harm start measur ae first step mitig harm futur knowledg transfer statement retrospect review patient health record use approach systemat identifi measur harm rather random chart review electron health record–bas dental trigger tool effect approach practic identifi patient harm measur one first step improv safeti qualiti care deliv,10.1177/2380084419892550,Medicine,Dental Records,https://dl.acm.org/doi/pdf/10.1177/2380084419892550?download=true,2,0
4,4,https://doi.org/10.1007/978-3-319-98298-4_11,Integration of Medical and Dental Care and Patient Data,health inform technolog consider medic dental data integr,2018,electron integr dental medic care accomplish determin 1 clinic epidemiolog financi need 2 interlock compon avail technolog 3 potenti adapt andor barrier play role integr 4 establish implement plan lead integr activ review condit benefit integr approach technolog current use clinic care also support factor integr,10.1007/978-3-319-98298-4_11,Computer Science Business,Deciduous tooth,https://dl.acm.org/doi/pdf/10.1007/978-3-319-98298-4_11?download=true,0,0
5,5,https://doi.org/10.1007/978-3-319-98298-4_11,Integration of Medical and Dental Care and Patient Data,health inform technolog consider medic dental data integr,2018,electron integr dental medic care accomplish determin 1 clinic epidemiolog financi need 2 interlock compon avail technolog 3 potenti adapt andor barrier play role integr 4 establish implement plan lead integr activ review condit benefit integr approach technolog current use clinic care also support factor integr,10.1007/978-3-319-98298-4_11,Computer Science Business,Edrophonium,https://dl.acm.org/doi/pdf/10.1007/978-3-319-98298-4_11?download=true,0,0
6,6,https://doi.org/10.1007/978-3-319-98298-4_1,Integration of Medical and Dental Care and Patient Data,mouth gateway bodi import medic dental data integr,2018,achiev integr dentalmed care requir understand factor lead separ care dentistri medicin chapter introduc clinic histor practic concept explain evolut two profess also introduc rational close gap benefici societi larg,10.1007/978-3-319-98298-4_1,Computer Science,Tooth root structure,https://dl.acm.org/doi/pdf/10.1007/978-3-319-98298-4_1?download=true,1,0
7,7,https://doi.org/10.1055/s-0039-1688832,Appl. Clin. Inform.,improv oralsystem healthcar interoper electron medic dental record exploratori studi,2019,object electron health record ehr rare share among medic dental provid purpos studi assess current inform share valu improv electron inform share among physician dentist germani unit state materi method survey valid distribut electron physician dentist four academ medic center respond ask anonym ehr use medic dental inform valuabl practic result 118 respons respons rate 232 major 639 respond dentist remaind physician respond 663 rate import share inform 8 1to10 likert scale dentist rate import share clinic inform signific higher physician p 00033 685 provid could recal instanc access medic dental inform would improv patient care dentist signific like report physician p 0008 conclus physician would valu standard measur oral health ehr dentist less like find specif medic diagnost test result valu dentist physician agre oralsystem health import interoper ehr could facilit inform transfer provid enhanc research oralsystem health connect dentist physician believ interoper ehr would use practic desir inform differ group refin inform need share practic requir,10.1055/s-0039-1688832,Computer Science Medicine,Structure of permanent tooth,https://dl.acm.org/doi/pdf/10.1055/s-0039-1688832?download=true,7,0
8,8,https://doi.org/10.1159/000499700,Caries Research,develop test electron health recordderiv cari indic,2019,cari indic basi epidemiolog cari measur easili obtain clinic set studi object design test valid autom program valid electron health record dental cari indic calcul tool verdict calcul cari indic electron health record ehr synthet use case scenario actual patient case primari mix perman dentit includ decay miss fill teeth dmftdmft tooth surfac dmfsdmfs enter ehr verdict measur compar previous valid clinic electron data captur edc system statist program calcul cari indic four univers clinicianresearch abstract ehr cari exam data 45 synthet use case edc postprocess sas softwar creat gold standard compar verdictderiv cari indic 2 senior research abstract ehr cari exam data calcul cari indic 24 patient allow comparison verdict indic agreement statist comput among abstractor discrep resolv consensus agreement statist 2 finalphas abstractor verdict measur show extrem high concord lin concord coeffici lccs 099 dmfs dmft ds ds dt dt ms mt fs fs ft ft lccs 095 dmfs dmft lccs 092–093 ms mt cari indic essenti develop primari health outcom measur research reliabl deriv ehr use verdict use indic enabl popul oral health manag approach inform qualiti improv effort,10.1159/000499700,Medicine,Behavior,https://dl.acm.org/doi/pdf/10.1159/000499700?download=true,1,0
9,9,https://doi.org/10.5210/ojphi.v11i2.10131,Online journal of public health informatics,implement emr system comprehens dental servic within larg region hospit network challeng opportun present introduct new technolog,2019,object develop new inform technolog signific effect health care system implement associ chang manag process bring posit chang gain understand challeng make transit benefit challeng explor context hospit base dental depart addit concept integr oral health overal system health explor context electron medic record system implement american dental associ recent recognit dental anesthesiolog clinic subspecialti method qualit survey attend dental faculti member depart repres broad rang dental specialti experi privat practic hospit base practic teach public health practic result faculti survey yield consist theme rang enhanc inform make better diagnos challeng transit emr well concern data secur much time effort front comput screen discuss brief summari histori standalon develop dentistri given contribut separ develop dental emr hospit emr various modal clinic care provid depart dentistri advoc illinoi mason medic center chicago il present give scope area need success emr solut must meet hospit base dental set public health aspect includ discuss conclus macro level health data set ie nhane state level dataset potenti expand includ thorough data combin medic health data oral health data dataset,10.5210/ojphi.v11i2.10131,Medicine Psychology,"General Practice, Dental",https://dl.acm.org/doi/pdf/10.5210/ojphi.v11i2.10131?download=true,1,0
10,10,https://doi.org/10.21815/JDE.019.089,Journal of dental education,cost comparison onpremis solut cloudbas solut electron health record dental school clinic,2019,electron health record ehr increas move toward cloudbas web environ cloudbas ehr claim substanti benefit reduc cost littl costbenefit research exist dental school aim studi examin costbenefit cloudbas ehr compar onpremis clientserv ehr univers michigan school dentistri um dent data collect 2016 um dent costbenefit comparison tangibl intang factor associ implement new ehr use total cost ownership tco framework educaus tco framework assess three factor foundat overarch aspect three item qualit intang 56 item quantit actual cost stakehold perform factor grade relat assess score deriv item well overal factor cloudbas ehr solut receiv higher foundat qualit factor summari score overal cost onpremis solut twoyear period approxim 2000000 higher cloudbas solut cloud solut carri hidden cost cost account 8 540000 overal cost onpremis solut across twoyear period onetim ongo cost higher onpremis solut cloudbas solut 405 205 respect studi found cloudbas ehr system um dent offer signific cost save uniqu benefit avail onpremis ehr solut base cost um dent made case cloudbas ehr system,10.21815/JDE.019.089,Medicine Business,Odontogenic Tissue,https://dl.acm.org/doi/pdf/10.21815/JDE.019.089?download=true,1,0
11,11,https://doi.org/10.1159/000501643,Public Health Genomics,health data dentistri attempt master digit challeng,2019,background biomed research recent move three stage digit healthcar 1 data collect 2 data share 3 data analyt explos store health data hd dental medicin edg fourth stage digit use artifici intellig ai narrat literatur review outlin challeng manag hd anticip potenti ai oral healthcar dental research summar current literatur summari basi success manag hd establish general accept data standard guid implement within electron health record ehr health inform technolog ecosystem hit eco therebi continu adapt self learn health system lhs creat hit eco futur combin frontend util hd clinic decisionmak provid use support diagnost tool patientcent treatment plan ii backend algorithm analyz standard collect data inform populationbas polici decis resourc alloc research direct cryptograph method blockchain enabl safe effici effect dental care within global perspect key messag interoper hd access digit health technolog key deliv valuebas dental care exploit tremend potenti ai,10.1159/000501643,Computer Science Medicine,"Insurance, Dental",https://dl.acm.org/doi/pdf/10.1159/000501643?download=true,16,0
12,12,https://doi.org/10.21815/JDE.019.034,Journal of dental education,electron health record data qualiti,2019,dental school tripl mission educ student treat patient make discoveri research electron health record ehr fast becom indispens fulfil three mission primari use ehr document care deliv,10.21815/JDE.019.034,Medicine Business,Supernumerary,https://dl.acm.org/doi/pdf/10.21815/JDE.019.034?download=true,2,0
13,13,https://doi.org/10.1016/J.IJMEDINF.2019.04.007,Int. J. Medical Informatics,electron primari dental care record research case studi valid qualiti assur strategi,2019,background dentistri use electron patient record research underexplor aim paper describ case studi process obtain research data sociodemograph clinic workforc electron primari care dental record outlin data clean valid strategi studi undertaken univers portsmouth dental academi upda centr educ train provis state fund servic nation health servic upda electron patient manag system r4clinic wide use system general dental practic uk method twophas process involv first pilot second main data extract undertaken use system queri languag sql data extract contain variabl relat patient demographi socioeconom status dental care receiv generat data clean valid exercis follow use combin techniqu includ malet marcuss 2000 general framework data clean rahm haido 2010 principl data clean result find case studi support use twophas data extract process data valid process highlight need manual analyt strategi clean data final process demonstr electron dental record valid use epidemiolog heath servic research potenti generalis find great due larg number record howev limit data need consid relat qualiti data input databas structur interpret data code conclus electron dental record use health servic research epidemiolog studi skill mix research research work close clinician manag softwar develop ensur data generat accur valid generalis follow data extract research need adapt stringent valid data clean strategi guarante extract electron data accur,10.1016/J.IJMEDINF.2019.04.007,Computer Science Medicine,Pulp Canals,https://dl.acm.org/doi/pdf/10.1016/J.IJMEDINF.2019.04.007?download=true,2,0
14,14,https://doi.org/10.3233/SHTI190703,MedInfo,accept teledent health educ among head neck cancer patient saudi arabia,2019,base latest publish cancer report saudi health council saudi cancer registri scr 2014 percentag cancer incid got higher previous report 2012 102 1 increas incid head neck cancer hnc remain local public health burden provok us consid technolog innov manag serious health consequ aim evalu patient precept toward technolog usag reciv health care,10.3233/SHTI190703,Medicine Computer Science,Forty Nine,https://dl.acm.org/doi/pdf/10.3233/SHTI190703?download=true,0,0
15,15,https://doi.org/10.1055/s-0038-1667331,Appl. Clin. Inform.,adopt electron dental record examin influenc practic characterist adopt one state,2018,object compar medicin less research focus adopt rate factor contribut adopt electron dental record edr certifi electron health record ehr field dentistri ran two multivari model edr adopt certificationcap ehr adopt determin environment organiz factor associ adopt method conduct telephon survey 10item questionnair use disproportion stratifi sampl procedur 149 dental clinic tennesse 2017 measur adopt dental inform technolog edr certificationcap ehr practic characterist includ region rural specialti practic size use binomi logist regress model determin associ adopt predictor variabl result total 77 survey dental clinic tennesse adopt type edr system definit certif capabl appli adopt rate dental clinic drop 58 binomi logist regress model effect rural special practic size likelihood clinic would adopt ehr product statist signific chisquar 3 1241 p 00061 three predictor variabl special practic size signific odd adopt ehr 67 lower specialist general dentist clinic two practic dentist associ much greater likelihood adopt ehrcap system adjust odd ratio 309 p 0009 conclus find studi indic moder high level overal dental adopt howev adopt rate dental clinic remain lower observ officebas physician practic medicin special practic size signific predictor ehrcap system adopt effort increas ehr adopt dentistri mind potenti dispar smaller practic dental specialti generalist,10.1055/s-0038-1667331,Medicine Computer Science,Posterior Pituitary Hormones,https://dl.acm.org/doi/pdf/10.1055/s-0038-1667331?download=true,6,0
16,16,https://doi.org/10.1055/s-0038-1668088,Appl. Clin. Inform.,feasibl electron health recordbas trigger detect dental advers event,2018,background quantifi character harm patient suffer dental chair mine data electron health record ehr dental institut current deploy random audit chart use local develop definit identifi patient safeti incid instead select patient chart use trigger assess calibr review may effici identifi dental advers event ae object goal develop test ehrbas trigger four academ institut find dental ae defin moder sever physic harm due dental treatment method use iter consensusbas process develop 11 ehrbas trigger identifi dental ae two dental expert institut independ review sampl trigger chart use common ae definit classif system expert panel provid second level review confirm ae identifi site review calcul perform trigger identifi strategi improv result total 100 ae identifi 10 11 trigger 57 case pain common ae identifi follow infect hard tissu damag posit predict valu ppv trigger rang 0 029 best perform trigger develop identifi infect ppv 029 allergi ppv 023 fail implant ppv 021 nerv injuri ppv 019 ae 90 categor temporari moderatetosever harm e2 remaind perman moderatetosever harm g2 conclus ehrbas trigger promis approach unearth ae among dental patient compar manual audit random chart data dental ehr appear suffici structur allow use trigger pain common ae type follow infect hard tissu damag,10.1055/s-0038-1668088,Medicine Computer Science,Silo (dataset),https://dl.acm.org/doi/pdf/10.1055/s-0038-1668088?download=true,9,0
17,17,https://doi.org/10.1111/joor.12655,Journal of oral rehabilitation,differenti diagnosi jaw pain use informat technolog,2018,studi aim deduc evidencebas clinic clue differenti temporomandibular disord tmdmimick condit genuin tmd text mine use natur languag process nlp recurs partit compar medic record 29 patient diagnos tmdmimick condit 290 patient diagnos genuin tmd chief complaint medic histori preprocess via nlp compar frequenc word usag addit recurs partit use deduc optim size mouth open could differenti tmdmimick genuin tmd group preval tmdmimick condit even distribut across age group show near equal gender ratio signific differ genuin tmd tmdmimick condit caus inflamm infect hereditari diseas neoplasm patient tmdmimick condit frequent use mouth open limit p 001 less common use word nois p 001 temporomandibular joint p 001 patient genuin tmd diagnost classif tree basi recurs partit suggest 120 mm comfort mouth open 265 mm maximum mouth open deduc optim mouthopen cutoff size combin analys perform base text mine clinic examin data predict perform model 966 690 sensit 993 specif predict tmdmimick condit conclus studi show ai technologybas method could appli field differenti diagnosi orofaci pain disord,10.1111/joor.12655,Medicine,Sodium monofluorophosphate 0.0076 MG/MG Toothpaste,https://dl.acm.org/doi/pdf/10.1111/joor.12655?download=true,6,0
18,18,https://doi.org/10.21815/JDE.018.135,Journal of dental education,trend firstyear dental student inform technolog knowledg use result us dental school 2009 2012 2017,2018,dental student must skill use applic inform technolog studi use knowledg among us dental student aim studi retrospect analyz survey data regard use knowledg collect firstyear dental student one us dental school 2009 2012 2017 data collect anonym survey student part d1 cours call informat evalu dental literatur student particip survey year respons rate 100 annual number particip 80 2009 90 2012 97 2017 total 267 respond student report frequent access internet resourc multipl time per day frequenc use increas time princip access via smartphon student report feel comfort higher educ applic learn manag system computer test howev despit frequent use student report low level knowledg secur three year survey data show secur knowledg declin time find implic dental educ includ need method train student protect person data patient,10.21815/JDE.018.135,Medicine Psychology,Document completion status - Documented,https://dl.acm.org/doi/pdf/10.21815/JDE.018.135?download=true,3,0
19,19,https://doi.org/10.1055/s-0039-1681088,Methods of information in medicine,leverag electron dental record data classifi patient base smoke intens,2018,background smoke establish risk factor oral diseas therefor dental clinician routin assess record patient detail smoke status research success extract smoke histori electron health record ehr use text mine method howev could retriev patient smoke intens due limit avail ehr presenc detail smoke inform electron dental record edr often separ section allow retriev inform less preprocess object determin patient detail smoke status base smoke intens edr method first author creat refer standard 3296 uniqu patient smoke histori edr classifi patient base smoke intens next train three machin learn classifi support vector machin random forest naïv bay use train set 2176 evalu perform test set 1120 use precis p recal r fmeasur f final appli best classifi classifi smoke status addit 3114 patient smoke histori result support vector machin perform best classifi patient smoker nonsmok unknown p r f 98 intermitt smoker p 95 r 98 f 96 past smoker p r f 89 light smoker p r f 87 smoker unknown intens p 76 r 86 f 81 intermedi smoker p 90 r 88 f 89 perform moder differenti heavi smoker p 90 r 44 f 60 edr could valuabl sourc obtain patient detail smoke inform conclus edr data could serv valuabl sourc obtain patient detail smoke inform base smoke intens may readili avail ehr,10.1055/s-0039-1681088,Medicine,Patients,https://dl.acm.org/doi/pdf/10.1055/s-0039-1681088?download=true,5,0
20,20,https://doi.org/10.1136/bmjopen-2016-012528,BMJ Open,link medic dental health record data partnership rochest epidemiolog project,2017,purpos purpos project expand rochest epidemiolog project rep medic record linkag infrastructur includ data oral healthcar provid goal linkag facilit research studi examin role oral health overal health qualiti life particip eight dental practic join rep 2011 2015 rep studi team link oral healthcar inform medic record inform local healthcar provid 31 750 particip resid olmst counti minnesota overal 17 718 56 particip women 14 318 45 40 year age older 26 090 82 white find date first studi use new inform recent complet resourc use determin whether 2007 guidelin american heart associ affect prescript rate antibiot patient moderaterisk cardiac condit prior dental procedur rep infrastructur use identifi seri patient diagnos moderaterisk cardiac condit local healthcar provid n1351 abstract antibiot prescript dental record pre2007 post2007 antibiot prescript prior dental procedur declin 62 7 follow chang guidelin futur plan dental data particip practition updat annual basi new dental data link patient medic record addit continu invit new dental practic particip rep final continu use research infrastructur investig associ oral medic health present find confer scientif literatur,10.1136/bmjopen-2016-012528,Medicine,"Dental Records,Deciduous tooth,Edrophonium,Tooth root structure,Structure of permanent tooth,Behavior,General Practice, Dental,Odontogenic Tissue,Insurance, Dental,Supernumerary,Pulp Canals,Forty Nine,Posterior Pituitary Hormones,Silo (dataset),Sodium monofluorophosphate 0.0076 MG/MG Toothpaste,Document completion status - Documented,Patients",https://dl.acm.org/doi/pdf/10.1136/bmjopen-2016-012528?download=true,10,0
21,21,https://doi.org/10.1111/eje.12203,European journal of dental education : official journal of the Association for Dental Education in Europe,inform retriev critic apprais knowledg evidence‐bas dentistri among finnish dental student,2017,background one core skill compet dentist abil search analys highqual evid problem understand basic aspect knowledgebas inform may imped implement clinic practic examin finnish dental student acquir scientif inform familiar method evalu scientif evid relat clinic question method fifthyear dental student n 120 three univers finland receiv selfadminist questionnair result three common use sourc inform colleagu commerci health gate portal dental practition person lectur note although student rare read scientif journal find possess least passabl even good skill literatur retriev three question relat apprais evid dentistri reveal student knowledg evidencebas dentistri inadequ critic evalu clinic research find conclus student seem lack knowledg key methodolog evidencebas term present curricula dental school fail encourag student search acquir knowledg wider patient univers respons teach dentist various method critic apprais cope scientif inform,10.1111/eje.12203,Medicine,,https://dl.acm.org/doi/pdf/10.1111/eje.12203?download=true,10,0
22,22,https://doi.org/10.1016/j.ijmedinf.2017.08.007,Int. J. Medical Informatics,perceiv critic success factor electron health record system implement dental clinic context organis manag perspect,2017,background electron health record ehr make health care effici improv qualiti care make patient medic histori access howev littl known factor contribut success ehr implement dental clinic object articl aim identifi perceiv critic success factor ehr system implement dental clinic context method use ground theori analys data collect context brunei nation ehr healthcar inform manag system bruhim data analysi follow stage open axial select code result six perceiv critic success factor emerg usabl system emerg behaviour requir analysi train chang manag project organis studi identifi mismatch endus product ownervendor perspect discuss workflow chang signific challeng clinician confid use particular system offer limit modular configur recommend made parti involv healthcar inform system implement manag chang process agre system goal function wider consensu debat particip support strategi realis common commit,10.1016/j.ijmedinf.2017.08.007,Medicine Computer Science,Precipitating Factors,https://dl.acm.org/doi/pdf/10.1016/j.ijmedinf.2017.08.007?download=true,26,0
23,23,https://doi.org/10.1016/j.adaj.2017.01.026,Journal of the American Dental Association,medic care provid perspect dental inform need electron health record,2017,background author conduct studi identifi relev patient dental inform medicaldent integr electron health record iehr necessari medic care provid inform holist treatment method author collect input divers sampl 65 particip larg region health system repres 13 medic specialti administr unit author collect feedback particip 11 focus group session two independ review analyz focus group transcript identifi major minor theme result author identifi 336 385 annot medic care provid code relev annot strong support relev clinic practic align 18 major themat categori top 6 categori communic appoint system design medic treatment plan dental alert conclus studi particip identifi dental data highest relev medic care provid recommend implement userfriend access dental data iehr crucial holist care deliveri practic implic identif patient dental inform relev medic care provid inform strategi improv integr inform medicaldent iehr,10.1016/j.adaj.2017.01.026,Medicine,Electronic Health Records,https://dl.acm.org/doi/pdf/10.1016/j.adaj.2017.01.026?download=true,18,0
24,24,https://doi.org/10.3121/cmr.2017.1380,Clinical Medicine & Research,updat electron dental record clinic comput adopt among dental practic unit state,2017,studi sought recharacter trend factor affect electron dental record edr technolog adopt dental practic impact health inform technolog econom clinic health hitech act adopt rate 2012 39question survey dissemin nation 3 month use novel statisticallymodel approach inform earli respons rate achiev predetermin sampl edr adopt rate clinic support 52 adopt rate higher among 1 younger dentist 2 dentist ≤ 15 year practic 3 femal 4 group practic top barrier adopt edr costexpens costbenefit ratio electron format convers poor edr usabl awar feder hitech incent program low rate chairsid comput implement 72 adopt edr dental offic unit state higher 2012 electron health record adopt rate medic offic driven hitech program patient portal adopt among dental practic unit state remain low,10.3121/cmr.2017.1380,Medicine,Pain,https://dl.acm.org/doi/pdf/10.3121/cmr.2017.1380?download=true,14,0
25,25,https://doi.org/10.1016/j.adaj.2017.04.017,Journal of the American Dental Association,evalu qualiti dental care among patient diabet adapt test dental qualiti measur electron health record,2017,background patient diabet increas risk develop oral complic annual dental examin endors prevent strategi author evalu feasibl valid implement autom electron health record ehrbas dental qualiti measur determin whether patient diabet receiv evalu method author select dental qualiti allianc measur develop claim data adapt specif ehr autom queri identifi patient diabet across 4 dental institut author manual review subsampl chart evalu queri perform assess initi ehr measur author defin test revis ehr measur captur better oral care receiv patient diabet result initi revis measur author use ehr autom queri identifi 12960 13221 patient diabet respect report year variat measur score across site greater initi measur rang 364713 revis measur rang 788881 autom queri perform well 93 higher sensit specif posit negat predict valu measur conclus result suggest autom ehrbas queri use success measur qualiti oral health care deliv patient diabet author also found use rich data avail ehr may help estim qualiti care better reli claim data practic implic detail clinic patientlevel data dental ehr may use dentist evalu qualiti dental care provid patient diabet,10.1016/j.adaj.2017.04.017,Medicine,soft tissue,https://dl.acm.org/doi/pdf/10.1016/j.adaj.2017.04.017?download=true,14,0
26,26,https://doi.org/10.1016/j.adaj.2016.06.005,Journal of the American Dental Association,data scienc nation institut dental craniofaci research chang dental practic,2016,none,10.1016/j.adaj.2016.06.005,Medicine,Classification,https://dl.acm.org/doi/pdf/10.1016/j.adaj.2016.06.005?download=true,4,0
27,27,https://doi.org/10.4338/ACI-2015-09-LE-0124,Appl. Clin. Inform.,ehr teeth,2016,correspond elsbeth kalenderian dds mph phd chair oral health polici epidemiolog chief qualiti harvard dental center harvard school dental medicin 188 longwood avenu reb 206 boston 02115 telephon 617–432–1455 mobil 617–947–7645 appl clin inform 2016 7 425–429 httpdxdoiorg104338aci201509le0124 receiv octob 9 2015 accept march 6 2016 publish may 25 2016 citat kalenderian e halamka jd spallek h ehr teeth appl clin inform 2016 7 425–429 httpdxdoiorg104338aci201509le0124 letter editor,10.4338/ACI-2015-09-LE-0124,Computer Science Medicine,Adverse event,https://dl.acm.org/doi/pdf/10.4338/ACI-2015-09-LE-0124?download=true,11,0
28,28,https://doi.org/10.4338/ACI-2015-11-RA-0150,Appl. Clin. Inform.,explor dental provid workflow electron dental record environ,2016,background workflow defin predefin set work step partial order step environ achiev expect outcom studi investig workflow provid dental offic import understand interact dental provid exist technolog point care assess breakdown workflow could contribut better technolog design object studi object assess electron dental record edr workflow use time motion methodolog order identifi breakdown opportun process improv method time motion methodolog use studi humancomput interact workflow dental provid edr four dental center larg healthcar organ data collect tool develop captur workflow dental provid staff interact edr initi plan emerg patient visit front desk qualit quantit analysi conduct observ data result breakdown workflow identifi post charg view radiograph eprescrib interact patient schedul edr interact time signific differ dentist dental assist 620 min vs 1057 min p 0013 dentist dental hygienist 620 min vs 936 min p 0003 conclus averag dentist spent far less time dental assist dental hygienist data record within edr,10.4338/ACI-2015-11-RA-0150,Computer Science Medicine,Traumatic injury,https://dl.acm.org/doi/pdf/10.4338/ACI-2015-11-RA-0150?download=true,3,0
29,29,https://doi.org/10.1016/j.jebdp.2016.07.001,The journal of evidence-based dental practice,clinic document dental care era electron health record use,2016,background although complet accur clinic record guarante provis excel dental care provid opportun evalu qualiti care provid howev lack univers accept document standard incomplet recordkeep practic unfriend electron health care record ehr user interfac factor allow persist poor dental patient record keep method use 2 differ methodsa valid survey 2round delphi processinvolv 2 appropri differ set particip explor dental clinic record contain frequenc updat clinic entri result closedend survey question openend delphi process question respond signific degre agreement clinic entri compon adequ clinic record howev varianc frequent clinic entri updat summari dental provid agre complet accur record keep essenti item histori examin find diagnosi radiograph treatment plan consent clinic note document howev seem univers agreement frequent item record clinic implic dental profess move toward preval use electron health care record issu standard interoper becom ever press settl issu standard includ record document must begin guidelinecr dental profession bodi need clear defin dissemin standard everyday dentist ultim ensur standard met kept,10.1016/j.jebdp.2016.07.001,Medicine,common types,https://dl.acm.org/doi/pdf/10.1016/j.jebdp.2016.07.001?download=true,7,0
30,30,https://doi.org/10.1016/j.adaj.2015.06.023,Journal of the American Dental Association,measur up implement dental qualiti measur electron health record context,2016,background qualiti improv requir use qualiti measur implement valid manner use guidelin set forth meaning use portion health inform technolog econom clinic health act author assess feasibl perform autom electron meaning use dental clinic qualiti measur determin percentag children receiv fluorid varnish method author defin implement autom measur queri dental electron health record within record identifi autom queri author manual review subsampl assess perform queri result autom queri result reveal 710 patient fluorid varnish compar manual chart review result indic 776 patient fluorid varnish autom qualiti measur perform result indic 905 sensit 908 specif 969 posit predict valu 752 negat predict valu conclus author find support feasibl use autom dental qualiti measur queri context suffici structur data inform note free text rather structur data would requir use natur languag process approach effect queri electron health record practic implic particip selfdirect qualiti improv dental clinician must embrac account era commit qualiti requir enhanc document support nearterm autom calcul qualiti measur,10.1016/j.adaj.2015.06.023,Medicine,Dental Procedures,https://dl.acm.org/doi/pdf/10.1016/j.adaj.2015.06.023?download=true,20,1
31,31,https://doi.org/10.7860/JCDR/2016/16970.7453,Journal of clinical and diagnostic research : JCDR,dental informat india time embrac chang,2016,dental informat compar juvenil new field noteworthi potenti support clinic care research educ manag field util comput scienc inform scienc applic espous dentistri howev underdevelop develop countri almost dentist unacquaint dental informat goal capabl achiev mean get involv despit emerg advanc certain conflict also go along profession represent secur issu store inform due univers access comput high speed internet connect endnot softwar use resourc materi collect literatur care arrang synchron way henc purpos review give overal scenario dental informat applic challeng recommend enhanc area,10.7860/JCDR/2016/16970.7453,Computer Science Medicine,Positive Predictive Value of Diagnostic Test,https://dl.acm.org/doi/pdf/10.7860/JCDR/2016/16970.7453?download=true,6,2
32,32,https://doi.org/10.1007/978-3-319-17272-9_9,,appli hci principl design usabl system dentistri,2015,dentistri medicin demand practic team perform technic procedur dynam environ thrust electron world centuri reli upon paper document communic unlik medicin though dentistri abil document communic hamper lack adequ avail diagnost terminolog intern classif diseas icd long part parcel medic practic dentist access standard term describ procedur document gap thrown stark relief era electron health record structur data direct use secondari analysi chapter describ applic hci principl effort bring newli develop dental diagnost terminolog dental clinic implement dental ehr adequ budget time access broad spectrum commit stakehold includ ehr vendor practic dentist epidemiologist informatician abl follow iter participatori design approach refin terminolog interfac terminolog leaner approach heurist evalu alon would appropri access wealth resourc though scalingback would cours impact abil identifi address usabl challeng high collabor work undertaken effort enhanc profess dentistri narrow gap use secondari user data usabl perspect primari user,10.1007/978-3-319-17272-9_9,Computer Science,Patients,https://dl.acm.org/doi/pdf/10.1007/978-3-319-17272-9_9?download=true,1,0
33,33,https://doi.org/10.1016/J.JDS.2014.07.003,,develop dental informat dental inform technolog china systemat studi,2015,abstract backgroundpurpos dental informat di new emerg interdisciplin medic informat mi general dentistri dental inform technolog dit parallel research field purpos studi investig current situat di dit china evalu achiev analyz weak anticip futur develop materi method public di dit english chines journal intern chines research search literatur review fund support di dit china manual search di dit educ china analyz websit search telephon interview result investig indic china start research di dit field late 1970s develop becom rapid last 10 year chines intern public increas sharpli within last decad chines govern kept stabl increas invest di dit scientif project chines research made influenti achiev certain field di dit computeraid design computeraid manufactur cadcam develop applic computerassist manufactur facial prosthesi threedimension 3dassist dental educ conclus di dit develop rapid china recent year howev problem remain resolv,10.1016/J.JDS.2014.07.003,Medicine,Chart evaluation by healthcare professional,https://dl.acm.org/doi/pdf/10.1016/J.JDS.2014.07.003?download=true,2,0
34,34,https://doi.org/10.1016/j.adaj.2015.06.023,Journal of the American Dental Association,measur up implement dental qualiti measur electron health record context,2016,background qualiti improv requir use qualiti measur implement valid manner use guidelin set forth meaning use portion health inform technolog econom clinic health act author assess feasibl perform autom electron meaning use dental clinic qualiti measur determin percentag children receiv fluorid varnish method author defin implement autom measur queri dental electron health record within record identifi autom queri author manual review subsampl assess perform queri result autom queri result reveal 710 patient fluorid varnish compar manual chart review result indic 776 patient fluorid varnish autom qualiti measur perform result indic 905 sensit 908 specif 969 posit predict valu 752 negat predict valu conclus author find support feasibl use autom dental qualiti measur queri context suffici structur data inform note free text rather structur data would requir use natur languag process approach effect queri electron health record practic implic particip selfdirect qualiti improv dental clinician must embrac account era commit qualiti requir enhanc document support nearterm autom calcul qualiti measur,10.1016/j.adaj.2015.06.023,Medicine,Contain (action),https://dl.acm.org/doi/pdf/10.1016/j.adaj.2015.06.023?download=true,20,1
35,35,https://doi.org/10.1016/j.jebdp.2013.12.002,The journal of evidence-based dental practice,modifi approach dental code benefit person profession develop improv clinic outcom,2014,background one disadvantag remark achiev dentistri treatment option never vari confus made concept evidenc base dentistri applic modern dental practic despit merit concept wherebi clinic decis guid scientif evid problem establish scientif base challeng modern dentistri gap rapid develop productsprocedur evid base widen furthermor burden oral diseas continu remain high popul level problem prompt new approach enhanc research aim aim paper outlin modifi approach dental code may benefit clinic popul level research method materi use public assess data obtain australian chronic diseas dental scheme item code contain within australian schedul dental servic glossari suggest approach dental informat illustr result select item code select expand addit suffix suffix provid circumstanti inform assist assess clinic outcom success rate prognosi conclus use item code administ cdds yield larg databas item code code amen dental informat shown enhanc research clinic popul level cost effect method supplement exist research method,10.1016/j.jebdp.2013.12.002,Medicine,Charts (publication),https://dl.acm.org/doi/pdf/10.1016/j.jebdp.2013.12.002?download=true,1,0
36,36,https://doi.org/10.1136/amiajnl-2013-002230,AMIA,bigmouth multiinstitut dental data repositori,2014,oral health databas avail research advanc evidencebas dentistri work develop central data repositori deriv electron health record ehr four dental school particip consortium oral health research informat multistakehold committe develop data govern framework encourag data share allow control contribut data adopt i2b2 data wareh platform map data institut common refer terminolog realiz dental ehr urgent need adopt common terminolog use treatment code set three four site use common diagnost terminolog wide discrep medic dental histori document bigmouth success launch august 2012 data 11 million patient made avail user contribut institut,10.1136/amiajnl-2013-002230,Computer Science Medicine,Abducens Nerve Diseases,https://dl.acm.org/doi/pdf/10.1136/amiajnl-2013-002230?download=true,35,3
37,37,https://doi.org/10.2196/jmir.3343,Journal of medical Internet research,explor design requir repurpos dental virtual patient web second life focus group studi,2014,background sinc incept virtual patient provid health care educ way engag learner experi simul clinician environ without danger learner patient led learn modal accept essenti compon medic educ advent visual audiorich 3dimension multius virtual environ muve new deploy platform emerg educ content immers high interact multimediarich muve seamless foster collabor provid new hotb deploy medic educ content object work aim assess suitabl second life muve virtual patient deploy platform undergradu dental educ explor requir specif need meaning repurpos webbas virtual patient muve method script capabl avail art asset second life repurpos exist webbas periodontolog virtual patient second life seri pointandclick interact multiplechoic queri user experienc specif periodontolog case ask provid optim respons challeng case focus group 9 undergradu dentistri student experienc webbas second life version virtual patient group conven 3 time discuss relev issu group comput literaci assess second life virtual patient deploy platform compar webbas muvedeploy virtual patient result comparison webbas second life virtual patient reveal inher advantag experienti immers second life virtual environ howev sever challeng success repurpos virtual patient web muve identifi identifi challeng repurpos web virtual patient muve platform focus group studi 1 increas case complex facilit user game preconcept muve 2 necess decreas textual narrat provid pertin inform immers sensori way 3 requir allow user actuat solut problem instead describ narrat conclus success systemat repurpos effort virtual patient muve second life best practic experienti immers game design organ incorpor repurpos workflow autom find pivot era open educ content transfer share among user learner educ various open repositoriesenviron,10.2196/jmir.3343,Medicine,"Precipitating Factors,Electronic Health Records,Pain,soft tissue,Classification,Adverse event,Traumatic injury,common types,Dental Procedures,Positive Predictive Value of Diagnostic Test,Patients,Chart evaluation by healthcare professional,Contain (action),Charts (publication),Abducens Nerve Diseases",https://dl.acm.org/doi/pdf/10.2196/jmir.3343?download=true,46,0
38,38,https://doi.org/10.4103/1357-6283.152194,Education for health,awar attitud student one indian dental school toward inform technolog use improv patient care,2014,background mani obstacl need overcom digit electron technolog fulli integr oper dental clinic countri obstacl may physic technic psychosoci barrier form percept attitud relat softwar incompat patient privaci interfer patientpractition relationship object studi assess percept indian dental student one school toward use digit technolog improv dental practic willing use digit electron technolog perceiv obstacl use digit electron technolog dental care setup attitud toward internet privaci issu method studi popul consist 186 final year undergradu dental student b shetti memori institut dental scienc rajiv gandhi univers health scienc mangalor india survey data analyz descript result student indic inform technolog enhanc patient satisfact qualiti dental record diagnosi treatment plan doctordoctor communic cost equip need technic train regard major obstacl substanti proport respond discuss dental student school feel inform technolog support decis make diagnos devis effect treatment plan turn increas patient satisfact qualiti care student also perceiv lack technic knowledg high cost implement major barrier develop inform technolog india,10.4103/1357-6283.152194,Medicine,,https://dl.acm.org/doi/pdf/10.4103/1357-6283.152194?download=true,6,0
39,39,https://doi.org/10.1177/0022034513487560,Journal of dental research,use electron dental record data research,2013,anecdot evid suggest clinic care process mani dental practic record data also collect dental practic base research network pbrn studi sinc use exist electron store data research multipl benefit investig overlap research data field use dental pbrn studi clinic data field typic found general dental record map 734 uniqu data element dental inform model dim 2487 common data element cde curat nidcr pbrns cancer data standard registri repositori cadsr thirtythre percent dim data element match least one cde complet 9 partial translat 9 2 respect data element use pbrn studi frequent use cdes found dim includ data dental anatomi medic item oral biopsi cari studi show nontrivi number data element general dental record map either complet partial data field research studi studi investig feasibl electron clinic data research purpos,10.1177/0022034513487560,Medicine,,https://dl.acm.org/doi/pdf/10.1177/0022034513487560?download=true,17,0
40,40,https://doi.org/10.1016/j.jdent.2013.04.006,Journal of dentistry,reus electron patient data dental clinic research review current status,2013,object reus electron patient data collect clinic care receiv increas attent way increas evid base purpos paper review studi reus electron patient data dental research data sourc 1527 citat obtain search medlin embas databas handsearch seven dental informat journal snowbal sampl studi select includ studi reus electron patient data research dental craniofaci topic alon combin medic condit medic outcom studi use administr research databas systemat review exclud three review extract data independ perform analysi joint result 60 studi review cover epidemiolog 32 studi outcom 16 health servic research 10 2 topic primarili retrospect 58 studi vari signific sampl size 9153619 patient followup period 112 year often drew data sourc addit electron one 25 rare tap electron dental record edr data privat practic 3 type research associ data sourc use research topicsquest common report advantag reus electron data abl studi larg sampl save time data qualiti inabl captur studyspecif data identifi major limit conclus dental research reus electron patient data nascent acceler futur edr design focus enhanc data qualiti begin integr research data collect implement interoper electron medic record facilit oralsystem investig clinic signific measur improv qualiti dental care requir begin reus electron patient data collect practic clinic research practic data potenti serv use complement data collect tradit research studi,10.1016/j.jdent.2013.04.006,Medicine,Design rationale,https://dl.acm.org/doi/pdf/10.1016/j.jdent.2013.04.006?download=true,24,2
41,41,https://doi.org/10.14219/JADA.ARCHIVE.2013.0229,Journal of the American Dental Association,dental care provid patient percept effect health inform technolog dental care set,2013,background use electron health record ehr dental care effect dental care providerpati interact studi suffici author conduct studi explor dental care provid interact ehr patient visit interact influenc dental care providerpati communic provid patient percept ehr use dental clinic set patient visit method author collect survey interview data patient provid three dental clinic health care system author use qualit quantit method analyz data obtain patient dental care provid result provid survey result show signific differ percept ehr use patient visit across dental care provid group dentist dental hygienist dental assist patient survey result indic patient experienc certain level frustrat distract provid use ehr visit conclus provid survey result indic differ percept across provid group ehr effect comput use communic patient dental assist general report negat effect communic patient owe comput use interview result also indic dental care provid may feel comfort interact ehr without verbal eye contact patient patient dental visit practic implic new design dental operatori locat comput screen within operatori undertaken prevent negat nonverb communic loss eye contact forc provid patient sit back back well enhanc patient educ inform share,10.14219/JADA.ARCHIVE.2013.0229,Medicine,Closing (morphology),https://dl.acm.org/doi/pdf/10.14219/JADA.ARCHIVE.2013.0229?download=true,5,0
42,42,https://doi.org/10.1016/j.ijmedinf.2013.06.007,Int. J. Medical Informatics,develop initi valid content taxonomi patient record general dentistri,2013,object develop valid initi content taxonomi patient record general dentistri method phase 1 obtain 95 deidentifi patient record 11 general dentist unit state phase 2 extract individu data field inform item explicit label implicit unlabel record organ categori mirror origin field context phase 3 refin raw list inform item elimin duplicatesredund focus general dentistri phase 4 valid item regard inclus import use tworound delphi studi panel 22 general dentist activ clinic practic educ research result analysi 76 patient record 9 dentist combin previous work yield raw list 1509 inform item refin reduc list 1107 item subsequ rate delphi panel final model contain 870 item 761 88 rate mandatori round 1 95 825 final item accept round 2 remain 5 45 45 item initi list reject 192 17 remain equivoc conclus ground realiti clinic practic propos content taxonomi repres signific advanc exist guidelin standard provid granular comprehens inform represent general dental patient record offer signific foundat asset implement interoper health inform technolog infrastructur general dentistri,10.1016/j.ijmedinf.2013.06.007,Medicine Computer Science,"Design rationale,Closing (morphology)",https://dl.acm.org/doi/pdf/10.1016/j.ijmedinf.2013.06.007?download=true,2,0
43,43,https://doi.org/10.14219/JADA.ARCHIVE.2013.0013,Journal of the American Dental Association,electron dental record use clinic inform manag pattern among practitionerinvestig dental practicebas research network,2013,background grow avail electron data offer practition increas opportun reus clinic data research qualiti improv howev relat littl known clinic data practition keep comput regard patient method author conduct webbas survey 991 us scandinavian practitionerinvestig pis dental practicebas research network determin extent use comput manag clinic inform type patient inform kept paper comput willing reus electron dental record edr data research result total 729 736 percent 991 pis respondeda total 738 percent us solo practition 787 percent group practition use comput manag patient inform 143 percent 159 percent respect manag patient inform comput us practition store appoint treatment plan complet treatment imag electron frequent periodont chart diagnosi medic histori progress note chief complaint least frequentlymor 90 percent scandinavian practition store inform electronicallya total 508 percent pis will reus edr data research 631 percent prefer electron form data collect conclus result studi show trend toward increas adopt edr unit state continu potenti make data electron form avail research particip appear will reus edr data research collect data electron clinic implic rise rate edr adopt may offer increas opportun reus electron data qualiti improv research,10.14219/JADA.ARCHIVE.2013.0013,Medicine,Electronic Health Records,https://dl.acm.org/doi/pdf/10.14219/JADA.ARCHIVE.2013.0013?download=true,35,2
44,44,https://doi.org/10.1371/journal.pone.0067862,PloS one,dental informat character patient dentofaci deform,2013,relev statist model analysi dental data improv diagnost treatment procedur purpos studi demonstr use various data mine algorithm character patient dentofaci deform total 72 patient skelet malocclus complet orthodont orthognath surgic treatment examin patient character 22 measur relat dentofaci deform cluster analysi visual group patient three differ pattern dentofaci deform featur select approach base fals discoveri rate use identifi subset 22 measur import categor three cluster final classif perform evalu qualiti measur select featur select approach result show featur select improv classif accuraci simultan determin measur relev,10.1371/journal.pone.0067862,Medicine,Oral health,https://dl.acm.org/doi/pdf/10.1371/journal.pone.0067862?download=true,4,0
45,45,https://doi.org/10.5455/aim.2012.20.47-55,Acta informatica medica : AIM : journal of the Society for Medical Informatics of Bosnia & Herzegovina : casopis Drustva za medicinsku informatiku BiH,inform system dentistri,2012,introduct almost entir human creativ today standpoint effici expedi condit exist inform system inform system orient manag decisionmak includ health inform system system health health insur togeth form one import segment societi function compact unit increas requir reduc health care cost preserv improv qualiti servic provid repres difficult task health system materi method use descript metod retreiiv literatur analyz latest solut inform telecommun technolog basi build effect effici health system computer primari object save ration spend health care estim least 2030 money spent health care ration util computer give necessari data indic ration import goal project achiev use benefit improv overal care patient policyhold increas speed accuraci diagnosi determin treatment use electron diagnost therapeut guidelin result discuss computer dentistri began similar human activities–record larg amount data digit media replac manual data process machin one specif dental profess led specif applic inform technolog continu requir special develop dental orient appli harmon dental softwar global standard enabl doctor dentist mous click via internet reach general medic inform patient central nation health databas standard also allow access general medic dental histori data citizen foreign countri seek help doctor dentist vacat method use provid higher level health servic better health care also identif procedur mass disast avail data contribut acceler identif victimsdent inform system late base web applic facilit data exchang electron patient record contain basic inform enter data automat creat protocol patient printedbesid general data electron patient record also contain histori data relat allergi diseas exist signific affect treatment data current diagnosi locat patholog process tooth refer follow locat mesial distal vestibular oral occlus teeth therapi tooth type materi use locat tooth system may defin also surgic procedur perform teeth tooth extract tooth root resect abil accur indic root resect implant upgrad grind teeth independ crown defin tooth right place tooth miss special design graphic represent teeth enabl enter data first click tooth place also occas open menu option control data entri prevent entri illog data conclus system accord hl7 standard repres electron document elimin need paper document varieti daili month report doctor still use today doctor nurs almost complet freed administr task,10.5455/aim.2012.20.47-55,Computer Science Medicine,Academic Medical Centers,https://dl.acm.org/doi/pdf/10.5455/aim.2012.20.47-55?download=true,10,1
46,46,https://doi.org/10.4103/0973-029X.92979,Journal of oral and maxillofacial pathology : JOMFP,evolut dental informat major research tool oral patholog,2012,bioinformat relat new field scienc incorpor principl biolog comput scienc main concern collect store retriev data larg databas ever sinc success complet human genom project exponenti growth volum biolog data generat worldwid evolut bioinformat made possibl access databas appli inform better research one disciplin benefit advent bioinformat oral patholog oral patholog branch dentistri deal diseas head neck region remark progress made diagnosi treatment diseas aid bioinformat articl attempt review evolut progress dental informat specialti applic oral patholog,10.4103/0973-029X.92979,Computer Science Medicine,Dental Records,https://dl.acm.org/doi/pdf/10.4103/0973-029X.92979?download=true,6,0
47,47,https://doi.org/10.1002/J.0022-0337.2012.76.1.TB05241.X,Journal of dental education,inform technolog informat inform revolut dental educ,2012,capabl inform technolog advanc precipit last fifti year mani advanc enabl new benefici applic dental educ howev conceptu use dental school infanc challeng opportun abound improv support clinic care educ research clinic care need move electron dental record beyond replic paper connect inform oral health system health facilit collabor care teledentistri help clinician appli evidencebas dentistri prevent manag strategi respect educ adopt evidencebas approach use teach learn share effect educ content method leverag technologymedi chang balanc power faculti student improv technolog support clinic teach build inform infrastructur center learner organ research opportun includ reus clinic care data research studi help advanc comput method research appli generaliz research tool dentistri reus research data scientif workflow process transit focus itth mere technic aspect appli comput technologyto one informat manag inform,10.1002/J.0022-0337.2012.76.1.TB05241.X,Medicine,Diagnostic tests,https://dl.acm.org/doi/pdf/10.1002/J.0022-0337.2012.76.1.TB05241.X?download=true,58,2
48,48,https://doi.org/10.1111/j.1601-0825.2011.01794.x,Oral diseases,advanc oral medicin informat inform technolog propos framework strategi,2011,implement inform technolog healthcar signific focus mani nation around world howev inform technolog support clinic care research educ oral medicin current poor develop situat hamper abil transform oral medicin learn healthcar disciplin divid clinic practic research diminish ultim elimin paper review need requir inform technolog support oral medicin propos agenda design meet need oral medicin agenda includ analyz review current clinic document practic work toward progress standard clinic data help defin requir oral medicin system profession contribut conduct baselin studi use electron system help develop control vocabulari ontolog design implement evalu novel system center need clinician research educ success advanc support oral medicin requir close coordin collabor among oral medicin profession inform technolog profession system vendor fund agenc current barrier obstacl overcom practic research oral medicin stand readi deriv signific benefit applic inform technolog,10.1111/j.1601-0825.2011.01794.x,Medicine,"Electronic Health Records,Oral health,Academic Medical Centers,Dental Records,Diagnostic tests",https://dl.acm.org/doi/pdf/10.1111/j.1601-0825.2011.01794.x?download=true,27,0
49,49,https://doi.org/10.1007/978-1-4471-2185-5_4,Integration of Medical and Dental Care and Patient Data,broader consider medic dental data integr,2011,dental health insur coverag unit state either nonexist medicar uninsur spotti medicaid limit employerbas privat benefit plan perhap result dental health unit state good public polici maker may appreci may well impact medic care cost way improv dental benefit would produc substanti return invest expand dental insur coverag,10.1007/978-1-4471-2185-5_4,Business Computer Science,Electronic Health Records,https://dl.acm.org/doi/pdf/10.1007/978-1-4471-2185-5_4?download=true,1,0
50,50,https://doi.org/10.4103/2231-0762.97695,Journal of International Society of Preventive & Community Dentistry,applic teledentistri literatur review updat,2011,teledentistri combin telecommun dentistri involv exchang clinic inform imag remot distanc dental consult treatment plan teledentistri abil improv access oral healthcar improv deliveri oral healthcar lower cost also potenti elimin dispar oral health care rural urban communiti articl review origin rational scope basi requir teledentistri along current evid exist literatur articl also review ethic legal issu relat practic teledentistri futur altern innov method deliv dental care,10.4103/2231-0762.97695,Medicine,Structure of permanent tooth,https://dl.acm.org/doi/pdf/10.4103/2231-0762.97695?download=true,131,6
51,51,https://doi.org/10.14219/JADA.ARCHIVE.2011.0082,Journal of the American Dental Association,effect electron health record use clinic care guidelin patient medic complex condit,2011,background emerg health inform technolog provid opportun health care provid improv qualiti safeti dental care particular patient medic complex condit method author random 15 dental clinic healthpartn bloomington minn one three group evalu impact two clinic decis support cds approach 18month studi period first approachprovid activ electron dental record edrsa flash alert generat dental visit identifi patient medic complex condit direct dental care provid webbas person care guidelin second approachpati activ person health recordsa secur email generat letter mail patient dental visit encourag ask dental care provid review care guidelin specif medic condit result author evalu rate review care guidelin among 102 provid particip provid patient activ group increas use system first six month general effect increas use guidelin patient even part studi p 05 studi result show provid activ effect patient activ howev provid sustain high level use system end studi rate use return baselin level despit particip continu receipt electron alert conclus studi result demonstr review clinic care guidelin patient medic complex condit improv cds system involv use electron health record clinic implic us popul age dentist must vigil adapt care patient medic complex condit ensur therapeut safeti effect expand use cds via edr help dental care provid achiev object,10.14219/JADA.ARCHIVE.2011.0082,Medicine,Lobular Neoplasia,https://dl.acm.org/doi/pdf/10.14219/JADA.ARCHIVE.2011.0082?download=true,17,3
52,52,https://doi.org/10.6026/97320630005307,Bioinformation,dental informat onlin communiti,2011,dental informat di applic comput inform scienc improv dental practic research educ program administr support growth emerg disciplin creat dental informat onlin communiti dioc dioc provid dedic profession home di research serv open common worldwid forum individu interest field creat maintain center dental informat univers pittsburgh school dental medicin independ profession associ corpor interest fund sourc dioc websit provid mani use featur learn center public archiv member project directori current awar servic cas cas automat notifi member new inform ad communiti notif individu accord member profil activ site dioc researchori onlin communiti provid resourc dental informat dental technolog field well way establish social connect share idea problem research opportun member activ growth sinc communiti incept 2005 steadi futur sustain communiti depend mani factor,10.6026/97320630005307,Medicine,Epidemiology,https://dl.acm.org/doi/pdf/10.6026/97320630005307?download=true,1,0
53,53,https://doi.org/10.1186/1472-6947-10-7,BMC Medical Informatics Decis. Mak.,inform system support inform need general dentist clinic set suggest qualit studi,2010,backgrounda major challeng design use clinic inform system dentistri incorpor clinic evid base dentist inform need integr system seamless complex clinic workflow howev littl known actual inform need dentist treatment session purpos studi identifi general dentist inform need inform sourc use meet need clinic set inform design dental inform systemsmethodsa semistructur interview conduct conveni sampl 18 general dentist pittsburgh area clinic hour one hundr five patient case report dentist interview transcript code analyz use themat analysi constant compar method identifi categori theme regard inform need inform sourc use patternsresultstwo toplevel categori inform need identifi foreground background inform need meet need dentist use four type inform sourc clinic informationtask administr task patient educ profession develop major theme dentist unmet inform need includ 1 time access inform various subject 2 better visual represent dental problem 3 access patientspecif evidencebas inform 4 accur complet consist document patient record resourc use pattern includ 1 dentist inform need match inform sourc use 2 littl use electron sourc took place treatment 3 sourc use depend natur complex dental problem 4 dentist routin practic crossreferenc verifi patient informationconclusionsdentist various inform need point care among need better visual represent patientspecif evidencebas inform most unmet patient record support staff remain use inform sourc electron sourc electron dental record edr rare util patient visit futur develop dental inform clinic decisionsupport system develop consid integr highqual uptod clinic evid comprehens easili access edr well support dentist resourc use pattern identifi studi,10.1186/1472-6947-10-7,Medicine Computer Science,Oral health,https://dl.acm.org/doi/pdf/10.1186/1472-6947-10-7?download=true,39,0
54,54,https://doi.org/10.3163/1536-5050.98.2.014,Journal of the Medical Library Association : JMLA,survey biomed health care informat program unit state,2010,informat classic definit scienc studi “the represent process communic inform natur artifici systems” 1 pragmat “a disciplin focus acquisit storag use inform specif set domain” 2 health care biomed scienc informat also increas describ profess still earli stage develop 3 continu selfidentif differ subfield informat particular relat biomedicin health care scientif disciplin profess one aspect defin profess subspecialti within establish set agre upon compet correspond educ curricula 3 yet number program “with informat names” grow program vari substanti level scope 4 survey attempt provid snapshot current pictur informat train program relat biomedicin health care unit state purpos survey twofold first survey intend resourc student educ informat profession second compil detail inform exist educ opportun attempt contribut definit various informat subspecialti fifth generat survey informat program conduct research group previous survey publish onlin 5 first three survey carri annual 2002–2004 focus bioinformat program recent iter 2006 current 2008 version move biannual schedul broaden survey scope encompass medic health nurs dental relat informat program latest survey present paper also signific expand inform categori use describ program paid special attent group program list better correspond various informat subdisciplin number web resourc provid similar inform intern societi comput biolog list degre certif program 6 american medic informat associ list train program 7 survey differ resourc sever import way cut across divers biomed health informat subspecialti provid specif detail inform program present inform way facilit comparison program within subspecialti,10.3163/1536-5050.98.2.014,Medicine,Root Caries,https://dl.acm.org/doi/pdf/10.3163/1536-5050.98.2.014?download=true,7,1
55,55,https://doi.org/10.1053/j.sult.2010.01.003,"Seminars in ultrasound, CT, and MR",pediatr advanc imag informat state art,2010,pediatr imag forefront radiolog innov sinc day roentgen past 2 decad evolv comput technolog sophist softwar algorithm rapid advanc pediatr radiolog examin acquir display interpret communic store retriev costeffect use state art technolog requir fundament knowledg modal workstat informat guid advanc pediatr imag current digit era equal import understand advanc clinic applic evid support use first part review articl brief introduct histor overview technic principl discuss follow review advanc clinic applic fetal cardiovascular central nervous system neck thorac gastrointestin genitourinari musculoskelet virtualautopsi imag,10.1053/j.sult.2010.01.003,Medicine,Odontogenic Tissue,https://dl.acm.org/doi/pdf/10.1053/j.sult.2010.01.003?download=true,14,2
56,56,https://doi.org/10.1016/j.ijmedinf.2008.07.003,Int. J. Medical Informatics,patient attitud toward onlin dental inform webbas virtual realiti program clinic dentistri pilot investig china,2009,object research investig 1 attitud dental patient toward search onlin dental inform 2 patient attitud expect toward webbas 3d virtual realiti program clinic dentistri method questionnair survey conduct six clinic across two citi china dental patient visit six clinic invit particip studi subject brows webpag contain 3d virtual realiti dental program new media supplement consult system patient tradit pattern seek dental care procedur subject complet questionnair detail attitud toward experi softwar questionnair respons collect analyz result 45 respond report search inform onlin receiv dental care respond held differ attitud toward onlin dental inform major report relianc reserv 50 respond held posit attitud webbas virtual realiti dental inform program 21 report negat view toward new method respond report webbas virtual realiti program superior tradit static web page supplementari materi respond also indic internet speed may like major determin futur usag system conclus find indic consider portion respond conduct internet search relat dental inform seek profession advic dental care respond report posit attitud toward webbas virtual realiti program clinic dentistri howev current speed internet connect china major area concern futur applic uptak webbas virtual realiti dental softwar,10.1016/j.ijmedinf.2008.07.003,Medicine Computer Science,Patients,https://dl.acm.org/doi/pdf/10.1016/j.ijmedinf.2008.07.003?download=true,13,1
57,57,https://doi.org/10.1016/j.ijmedinf.2009.04.004,Int. J. Medical Informatics,data mine clinic oral health document analysi longev differ restor materi finland,2009,evidencebas dentistri shown differ restor materi differ surviv time primari hypothesi reveal normal dental record use data mine techniqu practicebas dentistri approach analys scientif sound way dental record 1626 patient altogeth 19892 restor three finnish age cohort analys surviv curv kaplanmei drawn restor materi median surviv time amalgam resinbas composit 15 year older cohort 60 silic cement restor replac within 5 year 50 glass ionom within 7 year signific reduct longev amalgam 1980 cohort data mine digit oral heath document would use tool analys surviv curv new restor materi practicebas manner reallif condit,10.1016/j.ijmedinf.2009.04.004,Medicine Computer Science,ethylene dichloride,https://dl.acm.org/doi/pdf/10.1016/j.ijmedinf.2009.04.004?download=true,27,0
58,58,https://doi.org/10.14219/JADA.ARCHIVE.2008.0105,Journal of the American Dental Association,usabl evalu four commerci dental computerbas patient record system,2008,background usabl dental computerbas patient record cpr system studi despit earli evid poor usabl problem dental cpr system user multipl level method author conduct formal usabl test four dental cpr system use purpos sampl four group five novic user author measur task outcom correct complet incorrect complet incomplet cpr system particip perform nine clinic document task well number usabl problem identifi cpr system potenti relationship task outcom author review softwar applic design aspect respons usabl problem result rang correct complet task 16 64 percent incorrect complet task 18 38 percent incomplet task 9 47 percent author identifi 286 usabl problem main type three unsuccess attempt negat affect task incorrect complet also identifi six problemat interfac interact design led usabl problem conclus four dental cpr system studi signific usabl problem novic user result steep learn curv potenti reduc system adopt clinic implic signific number data entri error rais concern qualiti document clinic practic,10.14219/JADA.ARCHIVE.2008.0105,Medicine Engineering,Linen Ab.IgE:ACnc:Pt:Ser:Qn,https://dl.acm.org/doi/pdf/10.14219/JADA.ARCHIVE.2008.0105?download=true,45,2
59,59,https://doi.org/10.1016/j.ijmedinf.2008.07.003,Int. J. Medical Informatics,patient attitud toward onlin dental inform webbas virtual realiti program clinic dentistri pilot investig china,2009,object research investig 1 attitud dental patient toward search onlin dental inform 2 patient attitud expect toward webbas 3d virtual realiti program clinic dentistri method questionnair survey conduct six clinic across two citi china dental patient visit six clinic invit particip studi subject brows webpag contain 3d virtual realiti dental program new media supplement consult system patient tradit pattern seek dental care procedur subject complet questionnair detail attitud toward experi softwar questionnair respons collect analyz result 45 respond report search inform onlin receiv dental care respond held differ attitud toward onlin dental inform major report relianc reserv 50 respond held posit attitud webbas virtual realiti dental inform program 21 report negat view toward new method respond report webbas virtual realiti program superior tradit static web page supplementari materi respond also indic internet speed may like major determin futur usag system conclus find indic consider portion respond conduct internet search relat dental inform seek profession advic dental care respond report posit attitud toward webbas virtual realiti program clinic dentistri howev current speed internet connect china major area concern futur applic uptak webbas virtual realiti dental softwar,10.1016/j.ijmedinf.2008.07.003,Medicine Computer Science,"Electronic Health Records,Structure of permanent tooth,Lobular Neoplasia,Epidemiology,Oral health,Root Caries,Odontogenic Tissue,Patients,ethylene dichloride,Linen Ab.IgE:ACnc:Pt:Ser:Qn",https://dl.acm.org/doi/pdf/10.1016/j.ijmedinf.2008.07.003?download=true,13,1
60,60,https://doi.org/10.1197/jamia.M2488,J. Am. Medical Informatics Assoc.,model formul train multidisciplinari biomed informat student three year experi,2008,object european infobiom network excel recogn success educ program biomed informat includ tradit teach activ basic scienc also develop skill work multidisciplinari team design care develop 3year train program biomed informat student address educ aspect follow four activ 1 internet cours databas contain overview medic informat bioinformat cours 2 biomed informat summer school 3 mobil program base brokerag servic publish demand offer includ fund research exchang project 4 train challeng aim develop multidisciplinari skill measur paper focus experi gain develop novel educ activ address work multidisciplinari team train challeng describ evalu ask particip fill form likert scale base question mobil program need assess carri result mobil program support 20 exchang foster new bmi research result number peerreview public demonstr feasibl multidisciplinari bmi approach within european union student unanim indic train challeng experi contribut understand appreci multidisciplinari teamwork conclus train activ undertaken infobiom contribut multidisciplinari bmi approach hope work might provid impetus train effort europ yield new generat biomed informatician,10.1197/jamia.M2488,Computer Science Medicine,"Specialties, Dental",https://dl.acm.org/doi/pdf/10.1197/jamia.M2488?download=true,12,0
61,61,https://doi.org/10.1038/bdj.2008.150,BDJ,better inform overview health informat,2008,healthcar informat increas import healthcar administr medic dental practition govern across develop world initi major nation health programm time futur best medic dental practic increas depend computerbas support tool although disagr remain effect current support tool longer term futur informat tool combin medic dental technolog modal promis adapt patientfocus effici healthcar educ practition patient,10.1038/bdj.2008.150,Medicine,Private Practice,https://dl.acm.org/doi/pdf/10.1038/bdj.2008.150?download=true,14,1
62,62,https://doi.org/10.1111/j.1600-0579.2007.00483.x,European journal of dental education : official journal of the Association for Dental Education in Europe,potenti inform technolog dental educ,2008,use inform technolog dentistri far rang order produc work document dental educ paper focus method assist educ compet develop dental student dentist eg elearn distanc learn simul computerbas assess web page informationgath devic becom essenti part daili life provid extens inform aspect societi mirror dental educ mani differ tool avail list report offer ad valu tradit teach method exampl provid spite continu debat learn effect elearn applic student request approach adjunct tradit deliveri learn materi faculti requir support enabl effect use technolog benefit student support provid institut suggest possibl institut appoint elearn champion good interperson skill support encourag faculti chang global prospect student faculti access elearn tool report encourag open access elearn materi platform program qualiti learn materi must well defin learn object involv peer review ensur content valid accuraci currenc use evidencebas data use best practic ensur develop intellectu right protect origin content need secur unauthor chang strategi recommend improv qualiti elearn outlin area assess tradit examin scheme enrich whilst internet provid mani innov approach futur trend evolv around improv uptak access facilit technolog hardwar softwar use web 20 show consider promis may implic global level exampl onelaptopperchild project best exampl web 20 minim use hardwar maxim use internet structur essenc simpl technolog overcom mani barrier learn alway remain excit alway chang user whether dental student educ patient like chameleon adapt everchang landscap,10.1111/j.1600-0579.2007.00483.x,Computer Science Medicine,Sodium monofluorophosphate 0.0076 MG/MG Toothpaste,https://dl.acm.org/doi/pdf/10.1111/j.1600-0579.2007.00483.x?download=true,116,0
63,63,https://doi.org/10.1038/bdj.2008.193,BDJ,better inform clinic practic – brief overview dental informat,2008,uptak dental informat hamper technic user issu innov system develop usabl issu affect mani advanc technolog artifici intellig produc clinic use system although issu still remain adapt comput interfac dental practic work environ dental electron health record becom prioriti mani countri includ uk howev experi show dental electron health record ehr system cannot subordin subset medic record futur dental ehr like incorpor integr care pathway futur best dental practic increas depend computerbas support tool although disagr remain effect current support tool longer term futur dental informat tool incorpor dynam onlin evidencebas medicin ebm tool promis adapt patientfocus effici dental care educ advantag train,10.1038/bdj.2008.193,Medicine,Anesthesiology,https://dl.acm.org/doi/pdf/10.1038/bdj.2008.193?download=true,13,1
64,64,https://doi.org/10.1197/jamia.M2335,J. Am. Medical Informatics Assoc.,research paper qualit investig content dental paperbas computerbas patient record format,2007,object approxim 25 general dentist practic unit state use comput dental operatori 18 maintain complet electron record anecdot evid suggest dental computerbas patient record cpr repres clinic inform degre complet fidel paper record object studi develop basic content model clinic inform paperbas record examin degre coverag cprs design compil baselin dental record bdr purpos sampl 10 paper record format two dental school four dental practic commerci sourc extract clinic data field remov duplic organ result collect categoriessubcategori map field four marketlead dental cprs bdr measur calcul frequenc count bdr categori data field paperbas computerbas record format crossmap inform coverag categori data field level result bdr 20 categori 363 data field averag paper record cprs contain 14 categori 210 174 field respect 72 20 bdr field occur five paper record categori relat diagnosi miss paperbas computerbas record format cprs rare use categori name group data field common paper format conclus exist paper record exhibit limit agreement inform dental record contain cprs cover inform partial may thus imped adopt electron patient record,10.1197/jamia.M2335,Medicine Computer Science,Oral health,https://dl.acm.org/doi/pdf/10.1197/jamia.M2335?download=true,42,2
65,65,https://doi.org/10.1007/s10916-006-9013-4,Journal of Medical Systems,design teleeduc system interpret dental tumor imag,2006,despit fact oral cancer usual diagnos nake eye dental radiolog play signific role process diagnosi treatment plan assess respons treatment prognosi paper discuss prototyp teleeduc system support dental radiolog train program help dental student get skill necessari interpret dental tumor imag system consist central databas onlin case annot tool case demonstr tool annot tool allow dental faculti integr imag find relat clinic inform prepar highqual teach case teleeduc system improv reinforc dental student dentist skill analyz dental tumor imag design teleeduc system could serv model selfevalu interpret skill dental tumor imag part continu medic educ cme futur,10.1007/s10916-006-9013-4,Medicine Computer Science,benefit,https://dl.acm.org/doi/pdf/10.1007/s10916-006-9013-4?download=true,0,0
66,66,https://doi.org/10.1016/J.AJODO.2005.04.017,"American journal of orthodontics and dentofacial orthopedics : official publication of the American Association of Orthodontists, its constituent societies, and the American Board of Orthodontics",ada initi develop orthodont informat standard,2005,standard key interoper across system american dental associ ada accredit american nation standard institut ansi standardsdevelop organ ada sponsor standard program area dentistri includ dental materi product dental informat ansiada specif 1000 standard clinic data architectur structur content electron health record first ansi standard defin fundament data structur use make patient health record standard promot share like data dentist physician hospit,10.1016/J.AJODO.2005.04.017,Engineering Medicine,American Dental Association,https://dl.acm.org/doi/pdf/10.1016/J.AJODO.2005.04.017?download=true,14,0
67,67,https://doi.org/10.14219/JADA.ARCHIVE.2004.0120,Journal of the American Dental Association,dentistri part nation health inform infrastructur,2004,background nation health inform infrastructur nhii propos improv effect effici overal qualiti health unit state establish nation electron inform network health care date dentistri integr network discuss wide method author review nhii goal structur publish report background literatur author evalu advantag disadvantag nhii regard implic dental care system result nhii propos implement computerbas patient record cprs american 2014 connect person health inform clinic public health inform enabl differ type care provid access cprs advantag nhii includ transpar health inform across health care provid potenti increas involv patient care better clinic decis make connect patientspecif inform best clinic evid increas effici enhanc bioterror defens potenti cost save challeng implement nhii dentistri includ limit use cprs requir invest inform technolog limit avail adopt standard perceiv threat privaci confidenti conclus implement nhii make rapid stride dentistri becom activ particip nhii work ensur need dental patient profess met practic implic nhii farreach implic dental practic make easier access relev patient inform help improv clinic decis make,10.14219/JADA.ARCHIVE.2004.0120,Medicine,Public Health Practice,https://dl.acm.org/doi/pdf/10.14219/JADA.ARCHIVE.2004.0120?download=true,18,1
68,68,https://doi.org/10.14219/JADA.ARCHIVE.2003.0164,Journal of the American Dental Association,teledentistri use dental educ,2003,background teledentistri relat new field combin telecommun technolog dental care dentist dental educ unawar teledentistri use increas access dental care also advanc dental educ type studi review author describ teledentistri appli worldwid well use educ teledentistri educ divid two main categori selfinstruct interact videoconferenc method use sever studi countri result type network connect use great affect feasibl teledentistri educ furthermor optim type exist health care profession choos mode base budget geographi technic support avail two main categori teledentistri educ interact videoconferenc method better result abil provid immedi feedback clinic implic teledentistri extend care underserv patient popul rural area reason cost teledentistri provid opportun supplement tradit teach method dental educ provid new opportun dental student dentist,10.14219/JADA.ARCHIVE.2003.0164,Medicine,"Specialties, Dental,Private Practice,Sodium monofluorophosphate 0.0076 MG/MG Toothpaste,Anesthesiology,Oral health,benefit,American Dental Association,Public Health Practice",https://dl.acm.org/doi/pdf/10.14219/JADA.ARCHIVE.2003.0164?download=true,123,2
69,69,https://doi.org/10.1177/154407370301700118,Advances in dental research,role inform technolog informat research dentistpati relationship,2003,highvalu doctorpati relationship base set paramet includ interperson relationship patient doctor base primari care assess survey model measur interperson relationship associ communic interperson care contextu knowledg patient trust despit proven valu doctorpati relationship current trend indic qualiti relationship declin advent communic inform technolog great affect way health care deliv relationship doctor patient converg communic inform technolog biomed informat offer opportun affect charact doctorpati relationship posit paper examin intersect key featur doctorpati relationship varieti internetbas clinic administr applic use dental practic paper discuss role dental informat research visàvi doctorpati relationship explor may inform next generat inform technolog use dental practic,10.1177/154407370301700118,Medicine,Electronic Health Records,https://dl.acm.org/doi/pdf/10.1177/154407370301700118?download=true,31,3
70,70,https://doi.org/10.1177/154407370301700121,Advances in dental research,overview bioinformat applic oral genom,2003,“informat revolution” bioinformat dental informat eventu chang way practic dentistri converg play pivot role creat bridg opportun integr scientif clinic specialti promot advanc treatment risk assess diagnosi therapeut oral healthcar outcom bioinformat emerg field biomed research communiti gain momentum dental medicin area creat steadi stream larg complex genom data transform way clinic basic scienc research approach genom research applic dental medicin term “oral genomics” aid molecular understand gene protein interact pathway network respons develop progress oral diseas disord result human genom project new advanc prompt highthroughput technolog dna microarray becom accept tool biomed research communiti manuscript review two common use microarray technolog basic microarray data analysi result sever ongo oral cancer genom studi,10.1177/154407370301700121,Medicine,benefit,https://dl.acm.org/doi/pdf/10.1177/154407370301700121?download=true,18,0
71,71,https://doi.org/10.1108/02640470310470480,Electron. Libr.,informat brief survey,2003,sinc late 1970s term “informatics” increas adopt describ applic inform technolog various field legal informat medic informat social informat organiz informat articl provid brief survey informat respect histor background disciplinari ident fundament aspect applic challeng,10.1108/02640470310470480,Sociology Computer Science,Dent in Medical Device Material,https://dl.acm.org/doi/pdf/10.1108/02640470310470480?download=true,16,1
72,72,https://doi.org/10.1177/154407370301700111,Advances in dental research,informat system assess appli clinic research dental restor materi,2003,dental biomateri use clinic one follow purpos restor function enhanc esthet prevent arrest deminer tooth structur studi clinic perform restor prosthes made materi general focus qualiti assess surviv statist data studi provid probabl specif treatment outcom use practic dentist howev util data limit lack nation intern standard assess clinic outcom standard approach toward clinic informat treatmentdecis analysi urgent need minim variabl clinic outcom report public associ direct indirect restor materi use dental restor prosthes,10.1177/154407370301700111,Medicine,"Schools, Dental",https://dl.acm.org/doi/pdf/10.1177/154407370301700111?download=true,25,3
73,73,https://doi.org/10.1177/154407370301700112,Advances in dental research,informat challeng tissu engin biomateri,2003,tissu engin biomateri made tremend stride recent yet major question remain unansw tissueengin product come market other develop fundament issu informat could address tissu engin describ predict cascad biochem cellular reaction occur function time implant materi surfac textur microporos pore size densiti connect threedimension configur behavior ceram subset tissueengin scaffold materi mainstay dental restor studi extens thin layer thick greater 2 mm recent littl known dental relev thick 1–2 mm result surpris continu develop still least one fundament question remain could address informat techniqu along spectrum flatpolish materi 10year clinic vivo studi test predict clinic perform allceram crown accur,10.1177/154407370301700112,Materials Science Medicine,Histopathologic Grade,https://dl.acm.org/doi/pdf/10.1177/154407370301700112?download=true,11,0
74,74,https://doi.org/10.1177/154407370301700103,Journal of dental education,dental informat emerg biomed informat disciplin,2003,biomed informat matur disciplin last forti year develop research disciplin signific scale scope one subdisciplin dental informat begin emerg entiti grow cadr train dental informatician dental faculti administr general familiar dental informat area scientif inquiri mani confus informat inform technolog unawar scientif method principl cannot relat dental informat biomed informat whole articl delin informat inform technolog explain type scientif question dental informatician typic explor scientif investig informat center primarili model formul system develop system implement studi effect informat draw scientif method main inform scienc comput scienc cognit scienc telecommun dental informat share mani type research question method parent disciplin biomed informat howev indic certain research question dental informat requir novel solut yet develop informat field,10.1177/154407370301700103,Medicine,Solutions,https://dl.acm.org/doi/pdf/10.1177/154407370301700103?download=true,24,3
75,75,https://doi.org/10.1177/154407370301700104,Advances in dental research,dental informat work progress,2003,dental informat young scientif disciplin undergo continu matur literatur estim consist approxim 600 paper publish 1975 2003 current grow rate 50 paper annual interest disciplin grow number core contributor dental informat research remain relat small two major question disciplin research challeng dental informat face today disciplin strengthen posit maxim success address challeng progress toward research challeng formul ten year ago vari mani new technolog becom avail clinic dental practic research educ mani fundament problem remain address informat research recommend augment research capac dental informat includ creat stronger worldwid dental informat research communiti draw biomed informat research dental research area provid career opportun dental informat research address grand challeng togeth communiti recruit subsequ generat dental informatician,10.1177/154407370301700104,Medicine,Financial cost,https://dl.acm.org/doi/pdf/10.1177/154407370301700104?download=true,28,3
76,76,https://doi.org/10.1177/154407370301700106,Advances in dental research,preliminari analysi dental informat literatur,2003,dental informat emerg disciplin appli comput inform scienc dental practic research educ manag date dental informat research literatur comprehens review studi report initi analysi dental informat literatur develop initi comprehens retriev strategi locat dental informat citat medlin 1966–april 2003 includ three concept dentistri comput research refin search manual classifi final set four categori 1 nondent 2 dental neither dental informat itrel 3 dental informat 4 dentistri analyz informat itrel citat regard distribut across journal growth rate number author public frequenc content express medic subject head mesh final set citat n 3872 consist 12 nondent articl 59 dental informat itrel articl 16 informaticsrel articl 13 itrel articl informaticsrel citat appear 176 journal itrel citat 206 journal approxim 50 paper current publish categori year great mani author contribut literatur publish three paper main topic articl includ “imag imag processing” “computeraid diagnosi therapy” “computeraid instruction” “other” dental informat literatur small grow imag imag process predomin research topic,10.1177/154407370301700106,Psychology Medicine,"Electronic Health Records,benefit,Dent in Medical Device Material,Schools, Dental,Histopathologic Grade,Solutions,Financial cost",https://dl.acm.org/doi/pdf/10.1177/154407370301700106?download=true,10,0
77,77,https://doi.org/10.1177/154407370301700105,Advances in dental research,grand challeng dental informat,2003,truli signific scientif challeng overcom profound chang daili activ well futur research activ everyon involv relat field identifi describ grand challeng face scientif field help fund agenc identifi priorit project support stimul encourag new investig work intellectu technolog challeng help defin field articl present informaticsori futurepatientcar scenario describ seri applic relat informat grand challeng face dental field today new techniqu technolog help us overcom challeng would facilit develop truli monument applic comprehens electron oral health record autom dental treatment plan system diagnos system profil patient risk chronic oral diseas,10.1177/154407370301700105,Medicine,Artificial Intelligence,https://dl.acm.org/doi/pdf/10.1177/154407370301700105?download=true,15,0
78,78,https://doi.org/10.1177/154405910208100902,Journal of dental research,two decad computer inform technolog dental radiographi,2002,author describ experi develop radiolog depart util digit radiographi dentistri,10.1177/154405910208100902,Medicine,Electronic Health Records,https://dl.acm.org/doi/pdf/10.1177/154405910208100902?download=true,17,0
